<?xml version='1.0'?>
<!DOCTYPE MINIMAL-DOC SYSTEM "mini.dtd">
<MINIMAL-DOC>
<TITLE>Using Information Content to Evaluate Semantic Similarity in a Taxonomy</TITLE>
<ABSTRACT>
<P>
This paper presents a new measure of semantic similarity in an  IS-A
taxonomy, based on the notion of information content.  Experimental evaluation
suggests that the measure performs encouragingly well (a correlation of r =
0.79 with a benchmark set of human similarity judgments, with an upper bound
of r = 0.90 for human subjects performing the same task), and significantly
better than the traditional edge counting approach (r = 0.66).
</P>
</ABSTRACT>
<BODY>
<DIV ID="1" DEPTH="1" R-NO="1"><HEADER>    Introduction
</HEADER>
<P>
Evaluating semantic relatedness using network representations is a problem
with a long history in artificial intelligence and psychology, dating back to
the spreading activation approach of Quillian <REF/> and
Collins and Loftus <REF/>.  Semantic similarity represents a
special case of semantic relatedness: for example, cars and gasoline would
seem to be more closely related than, say, cars and bicycles, but the latter
pair are certainly more similar.  Rada et al. <REF/> suggest that
the assessment of similarity in semantic networks can in fact be thought of as
involving just taxonomic ( IS-A) links, to the exclusion of other link
types; that view will also be taken here, although admittedly it excludes some
potentially useful information.
</P>
<P>
A natural way to evaluate semantic similarity in a taxonomy is to evaluate the
distance between the nodes corresponding to the items being compared -- the
shorter the path from one node to another, the more similar they are.  Given
multiple paths, one takes the length of the shortest one
 <REF/>,<REF/>,<REF/>. 
</P>
<P>
A widely acknowledged problem with this approach, however, is that it relies
on the notion that links in the taxonomy represent uniform distances.
Unfortunately, this is difficult to define, much less to control.  In real
taxonomies, there is wide variability in the ``distance'' covered by a single
taxonomic link, particularly when certain sub-taxonomies (e.g. biological
categories) are much denser than others.  For example, in WordNet
 <REF/>, a broad-coverage semantic network for English  constructed by George Miller and colleagues at Princeton, it is not at all
difficult to find links that cover an intuitively narrow distance (
RABBIT EARS  IS-A  TELEVISION ANTENNA) or an intuitively wide one
( PHYTOPLANKTON  IS-A  LIVING THING).  The same kinds of
 examples can be found in the Collins COBUILD Dictionary <REF/>, which identifies superordinate terms for many words (e.g.   SAFETY VALVE
 IS-A  VALVE seems a lot narrower than  KNITTING MACHINE 
IS-A  MACHINE).
</P>
<P>
In this paper, I describe an alternative way to evaluate semantic similarity
in a taxonomy, based on the notion of information content.  Like the edge
counting method, it is conceptually quite simple.  However, it is not
sensitive to the problem of varying link distances.  In addition, by combining
a taxonomic structure with empirical probability estimates, it provides a way
of adapting a static knowledge structure to multiple contexts.
 Section <CREF/> sets up the probabilistic framework and defines the measure of semantic similarity in information-theoretic terms;
 Section <CREF/> presents an evaluation of the similarity measure against human similarity judgments, using the simple edge-counting method as a
 baseline; and Section <CREF/> discusses related work. 
</P>
</DIV>
<DIV ID="2" DEPTH="1" R-NO="2"><HEADER>    Similarity and Information Content
</HEADER>
<P>
Let <EQN/>
be the set of concepts in an  IS-A taxonomy, permitting
multiple inheritance.
Intuitively, one key to the similarity of two concepts is the extent to which
they share information in common, indicated in an  IS-A taxonomy by a
highly specific concept that subsumes them both.  The edge counting method
captures this indirectly, since if the minimal path of  IS-A links
between two nodes is long, that means it is necessary to go high in the
taxonomy, to more abstract concepts, in order to find a least upper bound.
For example, in WordNet,  NICKEL and  DIME are both subsumed
by  COIN, whereas the most specific superclass that  NICKEL
 and  CREDIT CARD share is  MEDIUM OF EXCHANGE. (See Figure    <CREF/>.) 
</P>
<P>
By associating probabilities with concepts in the taxonomy, it is possible to
capture the same idea, but avoiding the unreliability of edge distances.  Let
the taxonomy be augmented with a function 
<!-- MATH: ${\rm p}: {\cal C}\rightarrow [0,1]$ -->
<EQN/>,
such that for any 
<!-- MATH: $c \in {\cal C}$ -->
<EQN/>,
<!-- MATH: ${\rm p}(c)$ -->
<EQN/>
is the probability of encountering
an instance of concept c.  This implies that <EQN/>
is monotonic as one
moves up the taxonomy: if 
<!-- MATH: $c_1 \:\mbox{\sc is-a}\: c_2$ -->
<EQN/>,
then 
<!-- MATH: ${\rm p}(c_1) \leq
{\rm p}(c_2)$ -->
<EQN/>.
Moreover, if the taxonomy has a unique top node then its
probability is 1.  
</P>
<P>
Following the standard argumentation of information theory
 <REF/>, the information content of a  concept c can be quantified as negative the log likelihood, 
<!-- MATH: $-\log{\rm p}(c)$ -->
<EQN/>.
Notice that quantifying information content in this way makes intuitive sense
in this setting: as probability increases, informativeness decreases, so the
more abstract a concept, the lower its information content.  Moreover, if
there is a unique top concept, its information content is 0.
</P>
<P>
This quantitative characterization of information provides a new way to
measure semantic similarity.  The more information two concepts share in
common, the more similar they are, and the information shared by two concepts
is indicated by the information content of the concepts that subsume them in
the taxonomy.   Formally, define
<!-- MATH: \begin{eqnarray}
\mbox{\rm sim}(c_1, c_2)  =   \raisebox{-1.5ex}{\shortstack{{\rm max}\\{\small$c \in S(c_1,c_2)$ }}}
\left[ -\log{\rm p}(c) \right],
\end{eqnarray} -->
where 
<!-- MATH: $S(c_1,c_2)$ -->
S(c1,c2) is the set of concepts that subsume both c1 and c2.
Notice that although similarity is computed by considering all upper bounds
for the two concepts, the information measure has the effect of identifying
minimal upper bounds, since no class is less informative than its
 superordinates.  For example, in Figure <CREF/>,  COIN,  CASH, etc. are all members of
<!-- MATH: $S(\mbox{{\sc nickel}},\mbox{{\sc dime}})$ -->
<EQN/>,
but the concept that is
structurally the minimal upper bound,  COIN, will also be the most
informative.  This can make a difference in cases of multiple inheritance; for
 example, in Figure <CREF/>,  METAL and  CHEMICAL ELEMENT are not structurally distinguishable as 
upper bounds of  NICKEL' and  GOLD', but their information
content may in fact be quite different.
</P>
<P>
In practice, one often needs to measure word similarity, rather than concept
similarity.  Using s(w) to represent the set of concepts in the taxonomy
that are senses of word w, define
<!-- MATH: \begin{eqnarray}
\mbox{\rm sim}(w_1, w_2)  = 
\raisebox{-1.5ex}{\shortstack{{\rm max}\\{\small$c1,c2$ }}} \left[ \mbox{\rm sim}(c_1,c_2) \right],
\end{eqnarray} -->
where c1 ranges over s(w1) and c2 ranges over s(w2).  This is
consistent with Rada et al.'s <REF/> treatment of ``disjunctive
concepts'' using edge counting: they define the distance between two
disjunctive sets of concepts as the minimum path length from any element of
the first set to any element of the second.  Here, the word similarity is
judged by taking the maximal information content over all concepts of which
both words could be an instance.
 For example, Figure <CREF/> illustrates how the similarity of words nickel and gold would be computed: the information content
would be computed for all classes subsuming any pair in the cross product of
{ NICKEL, NICKEL'} and { GOLD, GOLD'}, and
the information content of the most informative class used to quantify the
similarity of the two words.
</P>
</DIV>
<DIV ID="3" DEPTH="1" R-NO="3"><HEADER>    Evaluation
</HEADER>
<DIV ID="3.1" DEPTH="2" R-NO="1"><HEADER>  Implementation </HEADER>
<P>
The work reported here used WordNet's (50,000-node) taxonomy of concepts
 represented by nouns (and compound nominals) in English. Frequencies of concepts in the taxonomy were estimated using noun frequencies from the Brown Corpus of
 American English <REF/>, a large (1,000,000 word) collection of text across genres ranging from news articles to science fiction.  Each noun
that occurred in the corpus was counted as an occurrence of each taxonomic
 class containing it. For example, in Figure    <CREF/>, an occurrence of the noun dime would be counted toward the frequency of  DIME,
 COIN, and so forth.  Formally,
<!-- MATH: \begin{eqnarray}
\mbox{\rm freq}(c)  =  \sum_{n \in \mbox{words}(c)} \mbox{\rm count}(n),
\end{eqnarray} -->
where 
<!-- MATH: $\mbox{words}(c)$ -->
<EQN/>
is the set of words subsumed by concept c.  Concept
probabilities were computed simply as relative frequency:
<!-- MATH: \begin{eqnarray}
\hat{{\rm p}}(c)  =  \frac{\mbox{\rm freq}(c)}{N},
\end{eqnarray} -->
where N was the total number of nouns observed (excluding those not subsumed
by any WordNet class, of course).
</P>
</DIV>
<DIV ID="3.2" DEPTH="2" R-NO="2"><HEADER>  Task </HEADER>
<P>
Although there is no standard way to evaluate computational measures of
semantic similarity, one reasonable way to judge would seem to be agreement
with human similarity ratings.  This can be assessed by using a computational
similarity measure to rate the similarity of a set of word pairs, and looking
at how well its ratings correlate with human ratings of the same pairs.
</P>
<P>
An experiment by Miller and Charles <REF/> provided
appropriate human subject data for the task.  In their study, 38 undergraduate
subjects were given 30 pairs of nouns that were chosen to cover high,
intermediate, and low levels of similarity (as determined using a previous
 study <REF/>), and asked to rate ``similarity of meaning'' for each pair on a scale from 0 (no similarity) to 4 (perfect synonymy).  The
average rating for each pair thus represents a good estimate of how similar
the two words are, according to human judgments.
</P>
<P>
In order to get a baseline for comparison, I replicated Miller and Charles's
experiment, giving ten subjects the same 30 noun pairs.  The subjects were all
computer science graduate students or postdocs at the University of
Pennsylvania, and the instructions were exactly the same as used by Miller and
Charles, the main difference being that in this replication the subjects
completed the questionnaire by electronic mail (though they were instructed to
complete the whole thing in a single uninterrupted sitting).  Five subjects
received the list of word pairs in a random order, and the other five received
the list in the reverse order.  The correlation between the Miller and Charles
mean ratings and the mean ratings in my replication was .96, quite close to
the .97 correlation that Miller and Charles obtained between their results and
the ratings determined by the earlier study.
</P>
<P>
For each subject in my replication, I computed how well his or her ratings
correlated with the Miller and Charles ratings.  The average correlation over
the 10 subjects was 
<!-- MATH: $r = 0.8848$ -->
r = 0.8848, with a standard deviation of
 0.08. This value represents an upper bound on what one should expect from a computational attempt to perform the same task.
</P>
<P>
For purposes of evaluation, three computational similarity measures were used.
The first is the similarity measurement using information content proposed in
the previous section.  The second is a variant on the edge counting method,
converting it from distance to similarity by subtracting the path length from
the maximum possible path length:
</P>
<P>
<!-- MATH: \begin{equation}
\mbox{\rm sim}_{\mbox{edge}}(w_1, w_2) = \\
(2 \times \mbox{\sc max}) - \left[ \raisebox{-1.5ex}{\shortstack{{\rm min}\\{\small$c_1,c_2$ }}}\mbox{len}(c_1,c_2) \right]
\end{equation} -->
</P>
<P>
where c1 ranges over s(w1), c2 ranges over s(w2),  MAX is the
maximum depth of the taxonomy, and 
<!-- MATH: $\mbox{len}(c_1,c_2)$ -->
<EQN/>
is the length of the
shortest path from c1 to c2 . (Recall that s(w) denotes the set of
concepts in the taxonomy that represent senses of word w.)  Note that the
conversion from a distance to a similarity can be viewed as an expository
convenience, and does not affect the evaluation: although the sign of the
correlation coefficient changes from positive to negative, its magnitude turns
out to be just the same regardless of whether or not the minimum path length
is subtracted from 
<!-- MATH: $(2 \times \mbox{\sc max})$ -->
<EQN/>.
</P>
<P>
The third point of comparison is a measure that simply uses the probability of
a concept, rather than the information content:
\mbox{\rm sim}_{{\rm p}(c)}(c_1, c_2)  =   \raisebox{-1.5ex}{\shortstack{{\rm max}\\{\small$c \in S(c_1,c_2)$ }}}
\left[ 1-{\rm p}(c) \right] \\
\mbox{\rm sim}_{{\rm p}(c)}(w_1, w_2)  =   
                        \raisebox{-1.5ex}{\shortstack{{\rm max}\\{\small$c_1,c_2$ }}}  
                          \left[ \mbox{\rm sim}_{{\rm p}(c)}(c_1,c_2) \right],
\end{eqnarray} -->
 where c1 ranges over s(w1) and c2 ranges over s(w2)in (<CREF/>).  Again, the difference between maximizing  <!-- MATH: $1 -
{\rm p}(c)$ -->
<EQN/>
and minimizing 
<!-- MATH: ${\rm p}(c)$ -->
<EQN/>
turns out not to affect the magnitude of
the correlation.  It simply ensures that the value can be interpreted as a
similarity value, with high values indicating similar words.
</P>
</DIV>
<DIV ID="3.3" DEPTH="2" R-NO="3"><HEADER>  Results </HEADER>
<P>
 Table <CREF/> summarizes the experimental results, giving the correlation between the similarity ratings and the mean ratings reported by
Miller and Charles.  Note that, owing to a noun missing from the WordNet
taxonomy, it was only possible to obtain computational similarity ratings for
28 of the 30 noun pairs; hence the proper point of comparison for human
judgments is not the correlation over all 30 items (r = .8848), but rather
the correlation over the 28 included pairs (r = .9015).
 The similarity ratings by item are given in Table <CREF/>. 
</P>
</DIV>
<DIV ID="3.4" DEPTH="2" R-NO="4"><HEADER>    Discussion
</HEADER>
<P>
The experimental results in the previous section suggest that measuring
semantic similarity using information content provides quite reasonable
results, significantly better than the traditional method of simply counting
the number of intervening  IS-A links.  
</P>
<P>
The measure is not without its problems, however.  One problem is that, like
simple edge counting, the measure sometimes produces spuriously high
similarity measures for words on the basis of inappropriate word senses.  For
 example, Table <CREF/> shows the word similarity for several words with tobacco.  Tobacco and alcohol are similar, both
being drugs, and tobacco and sugar are less similar, though
not entirely dissimilar, since both can be classified as substances.
The problem arises, however, in the similarity rating for tobacco with
horse: the word horse can be used as a slang term for heroin, and as a result information-based similarity is maximized, and path
length minimized, when the two words are both categorized as narcotics.  This
is contrary to intuition.
</P>
<P>
Cases like this are probably relatively rare. However, the example illustrates
a more general concern: in measuring similarity between words, it is really
the relationship among word senses that matters, and a similarity
measure should be able to take this into account.
</P>
<P>
In the absence of a reliable algorithm for choosing the appropriate word
senses, the most straightforward way to do so in the information-based setting
is to consider all concepts to which both nouns belong rather than
taking just the single maximally informative class.  This suggests redefining
similarity as follows:
{\rm sim}(c_1,c_2)  =  \sum_{i}\alpha(c_i)[ -\log{\rm p}(c_i) ],
\end{eqnarray} -->
where <EQN/>
is the set of concepts dominating both c1 and c2, as
before, and 
<!-- MATH: $\sum_{i} \alpha(c_i) = 1$ -->
<EQN/>.
This measure of similarity takes more
information into account than the previous one: rather than relying on the
single concept with maximum information content, it allows each class to contribute information content according to the value of
<!-- MATH: $\alpha(c_i)$ -->
<EQN/>.
Intuitively, these <EQN/>
values measure relevance -- for
example, 
<!-- MATH: $\alpha(\mbox{{\sc narcotic}})$ -->
<EQN/>
might be low in general usage but
high in the context of a newspaper article about drug dealers.  In work on
resolving syntactic ambiguity using semantic information
 <REF/>, I have found that local syntactic information can be used successfully to set values for the <EQN/>.
</P>
</DIV>
</DIV>
<DIV ID="4" DEPTH="1" R-NO="4"><HEADER>    Related Work
</HEADER>
<P>
Although the counting of edges in  IS-A taxonomies seems to be something
many people have tried, there seem to be few published descriptions of
attempts to directly evaluate the effectiveness of this method.  A number of
researchers have attempted to make use of conceptual distance in information
retrieval.  For example, Rada et al. <REF/> and Lee et
al. <REF/> report experiments using conceptual distance,
implemented using the edge counting metric, as the basis for ranking documents
by their similarity to a query.  Sussna <REF/> uses semantic
relatedness measured with WordNet in word sense disambiguation, defining a
measure of distance that weights different types of links and also explicitly
takes depth in the taxonomy into account.
</P>
<P>
The most relevant related work appears in an unpublished manuscript by Leacock
and Chodorow <REF/>.  They have defined a measure
resembling information content, but using the normalized path length between
the two concepts being compared rather than the probability of a subsuming
concept.  Specifically, they define
\mbox{\rm sim}_{\mbox{ndist}}(w_1, w_2)  = 
- \log \left[ \frac{\raisebox{-1.5ex}{\shortstack{{\rm min}\\{\small$c_1,c_2$ }}}\mbox{len}(c_1,c_2)}{(2\times\mbox{\sc max})}
        \right].
\end{eqnarray} -->
</P>
<P>
(The notation above is the same as for equation (<CREF/>).)  In addition to this definition, they also include several special cases, most
notably to avoid infinite similarity when c1 and c2 are exact synonyms
and thus have a path length of 0. Leacock and Chodorow have experimented with
this measure and the information content measure described here in the context
of word sense disambiguation, and found that they yield roughly similar
results.  More significantly, I recently implemented their method and tested
it on the task reported in the previous section, and found that it actually
outperforms the information-based measure.  This led me to do a followup
experiment using a different and larger set of noun pairs, and in the followup
 study the information-based measure performed better. The relationship between the two algorithms will thus require further study.  For now, however,
what seems most significant is that both approaches take the form of a
log-based (and hence information-like) measure, as originally proposed in
 <REF/>. 
</P>
<P>
Finally, in the context of current research in computational linguistics, the
approach to semantic similarity taken here can be viewed as a hybrid,
combining corpus-based statistical methods with knowledge-based taxonomic
information.  The use of corpus statistics alone in evaluating word similarity
-- without prior taxonomic knowledge -- is currently an active area of
research in the natural language community.  This is largely a reaction to
sparse data problems in training statistical language models: it is difficult
to come up with an accurate statistical characterization of the behavior of
words that have been encountered few times or not at all.  Word similarity
appears to be one promising way to solve the problem: the behavior of a word
is approximated by smoothing its observed behavior together with the behavior
of words to which it is similar.  For example, a speech recognizer that has
never seen the phrase ate a peach can still conclude that John
ate a peach is a reasonable sequence of words in English if it has seen
other sentences like Mary ate a pear and knows that peach and
pear have similar behavior.
</P>
<P>
The literature on corpus-based determination of word similarity has recently
been growing by leaps and bounds, and is too extensive to discuss in detail
 here (for a review, see <REF/>), but most approaches to the problem share a common assumption: semantically similar words have similar
distributional behavior in a corpus.  Using this assumption, it is common to
treat the words that co-occur near a word as constituting features, and to
compute word similarity in terms of how similar their feature sets are.  As in
information retrieval, the ``feature'' representation of a word often takes
the form of a vector, with the similarity computation amounting to a
computation of distance in a highly multidimensional space.  Given a distance
measure, it is not uncommon to derive word classes by hierarchical clustering.
A difficulty with most distributional methods, however, is how the measure of
similarity (or distance) is to be interpreted.  Although word classes
resulting from distributional clustering are often described as ``semantic,''
they often capture syntactic, pragmatic, or stylistic factors as well.
</P>
</DIV>
<DIV ID="5" DEPTH="1" R-NO="5"><HEADER>    Conclusions
</HEADER>
<P>
This paper has presented a new measure of semantic similarity in an  IS-A
taxonomy, based on the notion of information content.  Experimental evaluation
was performed using a large, independently constructed corpus, an
independently constructed taxonomy, and previously existing human subject
data.  The results suggest that the measure performs encouragingly well (a
correlation of r = 0.79 with a benchmark set of human similarity judgments,
against an upper bound of r = 0.90 for human subjects performing the same
task), and significantly better than the traditional edge counting approach
(r = 0.66).
</P>
<P>
In ongoing work, I am currently exploring the application of
taxonomically-based semantic similarity in the disambiguation of word senses
 <REF/>.  The idea behind the approach is that when polysemous words appear together, the appropriate word senses to assign are often those
that share elements of meaning.  Thus doctor can refer to either a
Ph.D. or an M.D., and nurse can signify either a health professional
or someone who takes care of small children; but when doctor and nurse are seen together, the Ph.D. sense and the childcare sense go by the
wayside.  In a widely known paper, Lesk <REF/> exploits
dictionary definitions to identify shared elements of meaning -- for example,
 in the Collins COBUILD Dictionary <REF/>, the word ill can be found in the definitions of the correct senses.  More recently, Sussna
<REF/> has explored using similarity of word senses based on
WordNet for the same purpose.  The work I am pursuing is similar in spirit to
Sussna's approach, although the disambiguation algorithm and the similarity
measure differ substantially.
</P>
<DIV ID="5.1" DEPTH="2" R-NO="1"><HEADER>Bibliography </HEADER>
<P>
A. Collins and E. Loftus.
A spreading activation theory of semantic processing.
Psychological Review, 82:407-428, 1975.
</P>
<P>
W. N. Francis and H. Kucera.
Frequency Analysis of English Usage: Lexicon and Grammar.
Houghton Mifflin, 1982.
</P>
<P>
Claudia Leacock and Martin Chodorow.
Filling in a sparse training space for word sense identification.
ms., March 1994.
</P>
<P>
Joon Ho Lee, Myoung Ho Kim, and Yoon Joon Lee.
Information retrieval based on conceptual distance in IS-A
  hierarchies.
Journal of Documentation, 49(2):188-207, June 1993.
</P>
<P>
Michael Lesk.
Automatic sense disambiguation using machine readable dictionaries:
  how to tell a pine cone from an ice cream cone.
In Proceedings of the 1986 SIGDOC Conference, pages 24-26,
  1986.
</P>
<P>
George A. Miller and Walter G. Charles.
Contextual correlates of semantic similarity.
Language and Cognitive Processes, 6(1):1-28, 1991.
</P>
<P>
George Miller.
WordNet: An on-line lexical database.
International Journal of Lexicography, 3(4), 1990.
(Special Issue).
</P>
<P>
M. Ross Quillian.
Semantic memory.
In M. Minsky, editor, Semantic Information Processing. MIT
  Press, Cambridge, MA, 1968.
</P>
<P>
Roy Rada and Ellen Bicknell.
Ranking documents with a thesaurus.
JASIS, 40(5):304-310, September 1989.
</P>
<P>
Roy Rada, Hafedh Mili, Ellen Bicknell, and Maria Blettner.
Development and application of a metric on semantic nets.
IEEE Transaction on Systems, Man, and Cybernetics,
  19(1):17-30, February 1989.
</P>
<P>
Philip Resnik.
Selection and Information: A Class-Based Approach to Lexical
  Relationships.
PhD thesis, University of Pennsylvania, December 1993.
</P>
<P>
Philip Resnik.
Semantic classes and syntactic ambiguity.
In Proceedings of the 1993 ARPA Human Language Technology
  Workshop. Morgan Kaufmann, March 1993.
</P>
<P>
Philip Resnik.
Disambiguating noun groupings with respect to WordNet senses.
In Third Workshop on Very Large Corpora. Association for
  Computational Linguistics, 1995.
</P>
<P>
Sheldon Ross.
A First Course in Probability.
Macmillan, 1976.
</P>
<P>
Herbert Rubenstein and John Goodenough.
Contextual correlates of synonymy.
CACM, 8(10):627-633, October 1965.
</P>
<P>
John Sinclair (ed.).
Collins COBUILD English Language Dictionary.
Collins: London, 1987.
</P>
<P>
Michael Sussna.
Word sense disambiguation for free-text indexing using a massive
  semantic network.
In Proceedings of the Second International Conference on
  Information and Knowledge Management (CIKM-93), Arlington, Virginia, 1993.
</P>
<P>
A. Tversky.
Features of similarity.
Psychological Review, 84:327-352, 1977.
</P>
<P>
Sholom M. Weiss and Casimir A. Kulikowski.
Computer systems that learn: classification and prediction
  methods from statistics, neural nets, machine learning, and expert systems.
Morgan Kaufmann, San Mateo, CA, 1991.
</P>
<DIV ID="5.1.1" DEPTH="3" R-NO="1"><HEADER>Footnotes</HEADER>
<P>
  Appears in Proceedings of
IJCAI-95. Portions of this research 
were supported by an IBM Graduate Fellowship
and grants ARO DAAL 03-89-C-0031, DARPA N00014-90-J-1863, NSF IRI 90-16592,
and Ben Franklin 91S.3078C-1.
  In a
 feature-based setting (e.g. <REF/>), this would be reflected by explicit shared features: nickels and dimes are both small, round, metallic,
and so on.  These features are captured implicitly by the taxonomy in
categorizing  NICKEL and  DIME as subordinates of
 COIN.
  Concept as used here refers to what Miller et al. <REF/> call
a synset, essentially a node in the taxonomy.
  Plural nouns counted as instances of their
singular forms.
  Inter-subject correlation in the replication, estimated using
 leaving-one-out resampling <REF/>, was  <!-- MATH: $r = .9026, {\rm stdev} =
0.07$ -->
<EQN/>.
  In the followup
study, I used netnews archives to gather highly frequent nouns within related
topic areas, and then selected noun pairings at random, in order to avoid
biasing the followup study in favor of either algorithm.
</P>
</DIV>
</DIV>
</DIV>
</BODY>
</MINIMAL-DOC>
