<?xml version='1.0'?>
<!DOCTYPE MINIMAL-DOC SYSTEM "mini.dtd">
<MINIMAL-DOC>
<TITLE>Limited Attention and Discourse Structure</TITLE>
<ABSTRACT>
<P>
This squib examines the role of limited attention in a theory of
discourse structure and proposes a model of attentional state that
relates current hierarchical theories of discourse structure to
empirical evidence about human discourse processing capabilities.
First, I present examples that are not predicted by Grosz and Sidner's
stack model of attentional state. Then I consider an alternative model
of attentional state, the cache model, which accounts for the
examples, and which makes particular processing predictions.  Finally
I suggest a number of ways that future research could distinguish the
predictions of the cache model and the stack model.
</P>
</ABSTRACT>
<BODY>
<DIV ID="1" DEPTH="1" R-NO="1"><HEADER>    Hierarchical versus Linear Recency
</HEADER>
<P>
In computational theories of discourse, there are at least three
processes presumed to operate under a  LIMITED ATTENTION
CONSTRAINT of some type: (1) ellipsis interpretation; (2) pronominal
anaphora interpretation; and (3) inference of discourse relations
between representations A and B of utterances in a discourse, e.g. B
 MOTIVATES A.  In each case, the
interpretation of the current element B of a discourse depends on the
accessibility of another earlier element A.  According to the 
LIMITED ATTENTION CONSTRAINT only a limited number of candidates need
to be considered in the processing of B, e.g. only a limited number of
entities in the discourse model are potential cospecifiers for a
pronoun.
</P>
<P>
The limited attention constraint has been defined by some researchers
by  LINEAR RECENCY: a representation of an utterance A is 
LINEARLY RECENT for a representation of an utterance B if A is
linearly adjacent to B.  Using linear recency as a model of the
limited attention constraint would mean that an antecedent for an
anaphor is determined by a linear backward search of the text, or of a
 discourse model representation of the text <REF/> inter alia.
</P>
<P>
In contrast, other work has formulated the limited attention
constraint in terms of  HIERARCHICAL RECENCY
 <REF/>,<REF/>,<REF/> inter alia.  A representation of an utterance A is  HIERARCHICALLY RECENT for a
representation of an utterance B if A is adjacent to B in the tree
structure of the discourse. Of all theories based on hierarchical
recency, only Grosz and Sidner's theory of discourse structure
provides an operationalization of hierarchical recency in terms of
their  STACK model of attentional state
 <REF/>,<REF/>,<REF/>. Thus,  below, the relationship between limited attention and hierarchical recency will be discussed
in terms of their stack model, but the discussion should also apply to
claims about the role of hierarchical recency in other work.
</P>
<P>
In the remainder of this squib, I will argue that the limited
attention constraint must account for three types of evidence: (1) the
occurrence of  INFORMATIONALLY REDUNDANT UTTERANCES in naturally
 occurring dialogues <REF/>; (2) the infelicity of discourses that depend on accessing discourse entities that are not linearly
recent; and (3) experiments that show that humans have limited
 attentional capacity <REF/>,<REF/>. 
</P>
</DIV>
<DIV ID="2" DEPTH="1" R-NO="2"><HEADER>  Evidence for Limited Attention from Anaphoric Processing </HEADER>
<P>
 In figure <CREF/>, Dialogue A, hierarchical recency supports the interpretation of the proforms in utterance (8a) from a
 radio talk show for financial advice <REF/>. In utterance A-5, H interrupts C's narrative to ask for his name, but in A-8, C continues
as though A-4 had just been said.  Utterance A-8a realizes the
proposition My daughter's husband is working as well, but this
realization depends on both an anaphoric referent and an anaphoric
property.
</P>
<P>
According to the stack model, since utterances A-5 <EQN/>
A-7 are
part of an embedded segment, A-4 is  HIERARCHICALLY RECENT when
A-8 is interpreted.   A new focus space is pushed
on the stack during the processing of dialogue A when the intention of
utterance 5 is recognized. Since utterance 7 clearly indicates
completion of the interrupting segment, the focus space for the
interruption in 5 to 7 is popped from the stack after utterance 7,
leaving the focus space for utterances 1 to 4 on the top of the stack.
This focus space supports the interpretation of the proforms in A-8a.
</P>
<P>
However, consider the variation of dialogue A in dialogue B in figure
 <CREF/>.  Here, the segment between B-5 <EQN/>B-7 is also an embedded segment.  Utterance B-7 indicates completion of the embedded segment and signals a pop.  So, by the stack model, this
segment is handled by the same focus stack popping mechanism as we saw
for dialogue A.
</P>
<P>
However, in dialogue B, utterance 8a is more difficult, if not
impossible, to interpret.  This is surprising because utterance B-4 is
hierarchically recent for B-8a, just as it is in dialogue A. The
interruption in dialogue B is but a slightly longer version of that in
dialogue A. Inasmuch as the stack model is a precise formulation of
hierarchical recency, it does not predict the infelicity of dialogue
B. The problem arises partly because the stack model includes no
constraints related to the length, depth, or the amount of processing
required for an embedded segment.  Thus, these types of extended
embedded segments suggest that the limited attention constraint must
be sensitive to some aspect of linear recency.
</P>
</DIV>
<DIV ID="3" DEPTH="1" R-NO="3"><HEADER>  Evidence for Limited Attention from Informational Redundancy </HEADER>
<P>
Additional evidence for the influence of linear recency arises from
the analysis of  INFORMATIONALLY REDUNDANT utterances (IRUs) in
 naturally-occurring discourse <REF/>. IRUs realize propositions already established as mutually believed in the
discourse. IRUs have  ANTECEDENTS in the discourse, which are
those utterances that originally established the propositions realized
by the IRU as mutually believed.  Consider excerpt C from the
financial advice corpus.  Here E has been telling H about how her
money is invested, and then poses a question in C-3.  IRUs in the
examples below are capitalized and their antecedents are italicized.
</P>
<P>
[C]
[]
( 3) E: And I was wondering - should I continue on with the certificates or 
( 4) H: Well it's difficult to tell because we're so far away from
    any of them - but I would suggest this - if all of these are 6
    month certificates and I presume they are 
( 5) E: Yes 
( 6) H: Then I would like to see you start spreading some of that
    money around 
( 7) E: uh huh 
( 8) H: Now in addition, how old are you? 
        . 
        (discussion and advice about retirement investments)
        . 
(21) E: uh huh and  
(22a) H: But as far as the certificates are concerned,  
(22b) I'D LIKE THEM SPREAD OUT A LITTLE BIT  - 
(22c) THEY'RE ALL 6 MONTH CERTIFICATES  
(23) E: Yes 
(24) H: And I don't like putting all my eggs in one basket...
</P>
<P>
The utterances in 22b and 22c realize propositions previously
 established as mutually believed, so they are IRUs. The cue word but in utterance 22a  indicates a push, a new intention <REF/>.  The phrase as far as the certificates are concerned indicates that this new intention
is subordinate to the previous discussion of the certificates.  Thus,
utterance 22a, but as far as the certificates are concerned, has
the effect that the focus space related to the discussion of
retirement investments, corresponding to utterances 8 to 21, is
popped from the stack.
</P>
<P>
This means that the focus space representation of the intention for
utterances 4 to 7 are on the top of the stack after C-22a, when 22b
and 22c are processed.  Therefore there are two reasons why it is
surprising that H restates the content of utterances 4, 5 and 6 in 22b
and 22c: (1) The propositions realized by 22b and 22c are already
mutually believed; and (2) These mutual beliefs should be salient by
virtue of being on top of the stack. If they are salient by virtue of
being on top of the stack, they should be accessible for processes
such as content-based inferences or the inference of discourse
relations. If they must be accessible for these inferences to take
place, as I will argue below, their reintroduction suggests that in
fact they are not accessible.  Many similar examples of IRUs are found
 in the corpus <REF/>. Thus, these types of IRUs show that hierarchical recency, as realized by the stack model, does not predict
when information is accessible.
</P>
</DIV>
<DIV ID="4" DEPTH="1" R-NO="4"><HEADER>    The Cache Model of Attentional State
</HEADER>
<P>
The evidence above suggests the need for a model of attentional state
in discourse that reflects the limited attentional capacity of human
processing.  Here, I propose an alternate model to the stack model,
which I will call the  CACHE MODEL, and discuss the evidence for
 this model. In section <CREF/>, I compare a number of dimensions of the cache and stack models.
</P>
<P>
The notion of a cache in combination with main memory, as is standard
in computational architectures, is a good basis for a computational
model of human attentional capacity in processing discourse.  All
conversants in a dialogue have their own cache and some conversational
processes are devoted to keeping these caches synchronized.
</P>
<P>
The cache model consists of: (1) basic mechanisms and architectural
properties; (2) assumptions about processing; (3) specification of
which mechanism is applied at which point.  The  CACHE represents
working memory and  MAIN MEMORY represents long-term memory. The
cache is a limited capacity, almost instantaneously accessible, memory
store.  The exact specification of this capacity must be determined by
future work, but previous research suggests a limit of 2 or 3
 sentences, or approximately 7 propositions <REF/>,<REF/>. Main memory is larger than the cache, but is slower to access
 <REF/>,<REF/>. 
</P>
<P>
There are three operations involving the cache and main memory. Items
in the cache can be preferentially  RETAINED and items in main
memory can be  RETRIEVED to the cache. Items in the cache can
also be  STORED to main memory.
</P>
<P>
When new items are retrieved from main memory to the cache, or enter
the cache directly due to events in the world, other items may be 
DISPLACED, because the cache has limited capacity.  Displaced items
are stored in main memory. The determination of which items to
displace is handled by a cache replacement policy.  The specification
of the cache replacement policy is left open, however, replacing items
that haven't been recently used, with the exception of those items
that are preferentially retained, is a good working assumption, as
 shown by previous work on linear recency. 
</P>
<P>
The cache model includes specific assumptions about processing.
Discourse processes execute on elements that are in the cache.  All of
the premises for an inference must be simultaneously in the cache for
 the inference to be made <REF/>,<REF/>. If a discourse relation is to be inferred between two separate segments, a
representation of both segments must be simultaneously in the cache
 <REF/>,<REF/>. The cospecifier of an anaphor must be in the cache for automatic interpretation, or be strategically
retrieved to the cache in order to interpret the anaphor
 <REF/>.  Thus what is contained in the cache at any one time is a  WORKING SET consisting of discourse entities such as
entities, properties and relations that are currently being used for
some process.
</P>
<P>
Two factors determine when cache operations are applied: (1) the
speaker's intentions and the hearer's recognition of intention; (2)
expectations about what will be discussed.
</P>
<P>
The cache model maintains the distinction between intentional
structure and attentional state first proposed by Grosz and Sidner
(1986). This distinction is critical.  Just as a cache can be used for
processing the references and operations of a hierarchically
structured program, so can a cache be used to model attentional state
when discourse intentions are hierarchically structured. The
intentions of a conversant and the recognition of the other's
intentions determine what is  RETRIEVED from main memory and what
is preferentially  RETAINED in the cache.
</P>
<P>
When conversants start working towards the achievement of a new
intention, that intention may utilize information that was already in
the cache. If so, that information will be preferentially retained in
the cache because it is being used.  Whenever the new intention
requires information that is not currently in the cache, that
information must be retrieved from main memory. Thus the process of
initiating the achievement of the new intention has the result that
some, and perhaps all, of the items currently in the cache are
replaced with items having to do with the new intention.
</P>
<P>
When conversants return to a prior intention, information relevant to
that intention must be retrieved from main memory if it has not been
retained in the cache.
</P>
<P>
When an intention is completed, it is not necessary to strategically
retain information relevant to the completed segment in the cache. It
does not necessarily mean that there is an automatic retrieval of
information related to other intentions.  However, automatic retrieval
processes can be triggered by associations between information being
currently discussed and information stored in main memory
 <REF/>. These processes make items salient that have not been explicitly mentioned.
</P>
<P>
 EXPECTATIONS about what will be discussed also determine
operations on the cache. Expectations can arise from shared knowledge
about the task, and from the prior discourse
 <REF/>,<REF/>. Expectations can arise from interruptions when the nature of the interruption makes it obvious
that there will be a return to the interrupted segment. When the
pursuit of an intention is momentarily interrupted, as in dialogue A,
the conversants attempt to retain the relevant material in the cache
during the interruption.
</P>
</DIV>
<DIV ID="5" DEPTH="1" R-NO="5"><HEADER>  Evaluating Critical Evidence: comparing the cache with the stack </HEADER>
<P>
In this section, I wish to examine evidence for the cache model, look
at further predictions of the model,and then discuss evidence relevant
to both stack and cache models in order to draw direct comparisons
between them.  First, I contrast the mechanisms of the models with
respect to certain discourse processes.
</P>
<P>
<ITEMIZE>
<ITEM>New intention subordinate to current intention: (1) Stack pushes
new focus space; (2) Cache retrieves entities related to new intention
</ITEM>
<ITEM>Intention completed: (1) Stack pops focus space for intention
from stack, entities in focus space are no longer accessible; (2)
Cache doesn't retain entities for completed intention, but they remain
accessible until displaced
</ITEM>
<ITEM>New intention subordinate to prior intention: (1)  Stack pops
 focus spaces for intervening segments, focus space for prior
intention accessible after pop; (2) Cache retrieves entities related
to prior intention from main memory to cache, unless retained in the
cache
</ITEM>
<ITEM>Informationally redundant utterances: (1) Stack predicts no role
for IRUs when they are represented in focus space on top of stack,
because information should be immediately available; (2) Cache
predicts that IRUs reinstantiate or refresh known information in the
cache
</ITEM>
<ITEM>Returning from interruption: (1)  In the stack model, the length
 and depth of the interruption and the processing required is
irrelevant; (2) In the cache model, the length of the interruption or
the processing required predicts retrievals from main memory
</ITEM>
</ITEMIZE>
</P>
<P>
First, consider the differences in the treatment of interruptions.
The state of the stack when returning from an interruption is
identical for interruptions of various lengths and depths of
embedding. In the cache model, an interruption may give rise to an
expectation of a return to a prior intention, and each participant may
attempt to retain information relevant to pursuing that intention in
their  cache. However, it may not be possible to retain the relevant
material in the cache.  In dialogue B, the interruption is too long
and the working set for the interruption uses all of the cache. When
this happens, the relevant material is displaced to main memory. On
returning after an interruption, the conversants must initiate a cued
retrieval of beliefs and intentions.  This will require some
processing effort, yielding the prediction that there will be a short
period of time in which the cache does not have the necessary
information. This would mean that the processing of incoming
information would be slower until all of the required information is
 in the cache. The ease with which the conversants can return to a previous
discussion will then rely on the retrievability of the required
information from main memory, and this in turn depends on what is
stored in main memory and the type of cue provided by the speaker as
to what to retrieve. For example, if processing involves the surface
form of the utterance, as it might dialogue B, we can explain the
clear-cut infelicity by the fact that surface forms are not normally
stored in main memory
 <REF/>. 
</P>
<P>
Next, consider the differences between the models with respect to the
function of IRUs.  In dialogue C, a version of the dialogue without
the IRUs is possible but is harder to interpret.  Consider dialogue C
without 22b, 22c and 23, i.e. replace 22a to 24 with But as far
as the certificates are concerned, I don't like all my eggs in one
basket. Interpreting this alternate version requires the same
inference, namely that having all your investments in six month
certificates constitutes the negatively evaluated condition of having
all your eggs in one basket. However the inference requires more
effort to process.
</P>
<P>
The stack model doesn't predict a function for the IRUs.  However,
according to the cache model, IRUs make information accessible that is
not accessible by virtue of hierarchical recency, so that processes of
content-based inferences, inference of discourse relations, and
interpretation of anaphors can take place with less effort.  Thus, one
prediction of the cache model is that a natural way to make the
anaphoric forms in dialogue B more easily interpretable is to
re-realize the relevant proposition with an IRU, as in 8a':My
problem is that my daughter is working, as well as her uh husband. 
</P>
<P>
The IRU may function this way since: (1) the IRU reinstantiates the
necessary information in the cache; or (2) the IRU is a retrieval cue
for retrieval of information to the cache. Here reinstantiation is
certainly sufficient, but in general these cases cannot be
distinguished from corpus analysis. It should be possible to test
psychologically using reaction time methods, whether and under what
conditions IRUs function to simply reinstantiate an entity in the
cache, and when they serve as retrieval cues.
</P>
<P>
Next, consider the differences in status of the entities in completed
discourse segments. In the stack model, focus spaces for segments that
have been closed are popped from the stack and entities in those focus
spaces are not accessible.  In the cache model, ``popping'' only
occurs via displacement. Thus even when a segment is clearly closed,
if a new topic has not been initiated, the popped entities should
still be available. Some support for the cache model predictions about
popped entities is that (1) rules proposed for deaccenting noun
 phrases treat popped entities as accessible <REF/>; and (2) Rules for referring expressions in argumentative texts treat
 the conclusions of popped sisters as salient <REF/>. Stronger evidence would be the reaction times to the mention of entities in a
closed segment, after it is clear that a new segment has been
initiated, but before the topic of that new segment has initiated a
retrieval to, and hence displacement from, the cache.
</P>
<P>
It should also be possible to test whether entities that are in the
focus spaces on the stack, according to the stack model, are more
accessible than entities that have been popped off the stack.  In the
cache model, the entities in these focus spaces would not have a
privileged attentional status, unless of course they had been
refreshed in the cache by being realized implicitly or explicitly in
the intervening discussion.
</P>
<P>
Finally, consider one of the most studied predictions of the stack
model: cases where a pronoun has an antecedent in a prior focus space.
These cases have been called  RETURN POPS or  FOCUS POPS
 <REF/>,<REF/>,<REF/>,<REF/>,<REF/>.  In the stack model, any of the focus spaces on the stack can be returned to,
and the antecedent for a pronoun can be in any of these focus spaces.
As a potential alternative to the stack model, the cache model appears
to be unable to handle return pops since a previous state of the cache
can't be popped to. Since return pops are a primary motivation for the
stack model, I will re-examine all of the naturally-occurring return
pops that I was able to find in the literature. There are 21 of them.
While it would be premature to draw final conclusions from such a
small sample size, I will argue that the data supports the conclusion
that return pops are cued retrieval from main memory and that
 the cues reflect the context of the pop <REF/>. Thus, return pops are not problematic for the cache model.
</P>
<P>
In the cache model, there are at least three possibilities for how the
context is created so that pronouns in  RETURN POPS can be
interpreted: (1) The pronoun alone functions as a retrieval cue
 <REF/>; or (2) The content of the first utterance in a return indicates what information to retrieve from main memory to the cache,
which implies that the interpretation of the pronoun is delayed; (3)
The shared knowledge of the conversants creates expectations that
determines what is in the cache, e.g.  shared knowledge of the task
structure.
</P>
<P>
Let us consider the first possibility.  The view that pronouns must be
able to function as retrieval cues is contrary to the view that
pronouns indicate entities that are currently salient
 <REF/>.  However, there are certain cases where a pronoun alone is a good retrieval cue, such as when only one referent
of a particular gender or number has been discussed in the
conversation. If competing antecedents are those that match the
 gender and number of the pronoun <REF/>, then only 11 of the 21 return pops found in the literature have competing antecedents.
</P>
<P>
Thus, the numbers suggest that in about half the cases we could expect
the pronoun to function as an adequate retrieval cue based on gender
and number alone.  In fact, Sidner proposed that return pops might
always have this property in her  STACKED FOCUS CONSTRAINT:
``Since anaphors may co-specify the focus or a potential focus, an
anaphor which is intended to co-specify a stacked focus must not be
acceptable as co-specifying either the focus or potential focus. If,
for example, the focus is a noun phrase which can be mentioned with an
it anaphor, then it cannot be used to co-specify with a
 stacked focus.'' <REF/>, p. 88,89. 
</P>
<P>
In addition, the representation of the anaphor should include
selectional restrictions from the verb's subcategorization frame as
 retrieval cues <REF/>.  Of the 11 tokens with competing antecedents, 5 tokens have no competing antecedents if
selectional restrictions are also applied.  For example, in the
dialogues about the construction of a pump from
 <REF/>, only some entities can be bolted, loosened, or made to work.  Only 4 pronouns of the 21 return pops have competing referents
if a selectional constraint can arise from the dialogue, e.g.  if only
one of the male discourse entities under discussion has been riding a
bike, then the verb rode serves as a cue for retrieving that
 entity <REF/>. Thus in 17 cases, an adequate retrieval cue is constructed from processing the pronoun and the
 matrix verb <REF/>. 
</P>
<P>
The second hypothesis is that the content of the return utterance
indicates what information to retrieve from main memory to the
cache. The occurrence of IRUs as in dialogue C is one way of doing
this.  IRUs at the locus of a return can: (1) reinstantiate required
information in the cache so that no retrieval is necessary; (2)
function as excellent retrieval cues for information from main memory.
An examination of the data shows that IRUs occur in 6 of the 21 return
pops.  IRUs in combination with selectional restrictions leave only 2
cases of pronouns in return pops with competing antecedents.
</P>
<P>
In the remaining 2 cases, the competing antecedent is not and was
never prominent in the discourse, i.e. it was never the discourse
center, suggesting that it may never compete with the other
cospecifier.
</P>
<P>
It should be possible to test how long it takes to resolve anaphors in
return pops and under what conditions it can be done, considering the
data presented here on competing referents, IRUs, explicit closing,
and selectional restrictions.  A probe just after a pronoun in a
return pop and before the verb could determine whether the pronoun
alone is an adequate retrieval cue, or whether selectional information
from the verb is required or simply speeds processing.
</P>
<P>
Finally, it should be possible to test whether pronouns in return pops
are accented, which signals to the hearer that the most recent
 antecedent is not the correct one <REF/>. 
</P>
<P>
To conclude, the analysis presented here suggests many hypotheses that
could be empirically tested, which the currently available evidence
does not enable us to resolve.
</P>
</DIV>
<DIV ID="6" DEPTH="1" R-NO="6"><HEADER>  Discussion and Conclusion </HEADER>
<P>
This squib has discussed the role of limited attention in a
computational model of discourse processing. The cache model was
proposed as a computational implemention of human working memory and
operations on attentional state are formulated as operations on a
cache.  Just as a cache can be used for processing the references and
operations of a hierarchically structured program, so can a cache be
used to model attentional state when discourse intentions are
hierarchically structured.
</P>
<P>
The store and retrieve operations of the cache model casts discourse
processing as a gradient phenomenon, predicting that the
contents of the cache will change gradually, and that change requires
processing effort.  The notion of processing effort for retrieval
operations on main memory makes predictions that can be experimentally
tested. In the meantime, the notion of increased processing effort in
the cache model explains the occurrence of a class of 
INFORMATIONALLY REDUNDANT utterances in discourse, as well as cases
of infelicitous discourses constructed as variations on naturally
occurring ones, while remaining consistent with evidence on human
limited attentional capacity.  Finally, the cache model appears to
handle the class of ``return pops'' which prima facie should be
problematic for the model.
</P>
<P>
<EQN/>
</P>
<DIV ID="6.1" DEPTH="2" R-NO="1"><HEADER>Bibliography </HEADER>
<P>
Baddeley, Alan.
1986.
Working Memory.
Oxford University Press.
</P>
<P>
Cahn, Janet.
1991.
The effect of intonation on pronoun referent resolution.
Technical report, MIT Media Lab.
</P>
<P>
Clark, Herbert H. and C.J. Sengul.
1979.
In search of referents for nouns and pronouns.
Memory and Cognition, 7:35-41.
</P>
<P>
Davis, James R. and Julia Hirschberg.
1988.
Assigning intonational features in synthesized spoken directions.
In ACL88.
</P>
<P>
Di Eugenio, Barbara.
1990.
Centering theory and the italian pronominal system.
In COLING 90.
</P>
<P>
Fletcher, Charles R., John E. Hummel, and Chad J. Marsolek.
1990.
Causality and the allocation of attention during comprehension.
Journal of Experimental Psychology.
</P>
<P>
Fox, Barbara A.
1987.
Discourse Structure and Anaphora: Written and Conversational
  English.
Cambridge University Press.
</P>
<P>
Greene, S.B., Gail McKoon, and R. Ratcliff.
1992.
Pronoun resolution and discourse models.
Journal of Experimental Psychology:Learning, Memory and
  Cognition.
</P>
<P>
Grosz, Barbara J.
1977.
The representation and use of focus in dialogue understanding.
Technical Report 151, SRI International, 333 Ravenswood Ave, Menlo
  Park, Ca. 94025.
</P>
<P>
Grosz, Barbara J. and Candace L. Sidner.
1986.
Attentions, intentions and the structure of discourse.
Computational Linguistics, 12:175-204.
</P>
<P>
Hobbs, Jerry R.
1985.
On the coherence and structure of discourse.
Technical Report CSLI-85-37, Center for the Study of Language and
  Information, Ventura Hall, Stanford University, Stanford, CA 94305.
</P>
<P>
Huang, Xiorong.
1994.
Planning references choices for argumentative texts.
In The 7th International Conference on Natural Language
  Generation.
</P>
<P>
Kintsch, W.
1988.
The role of knowledge in discourse comprehension: A
  construction-integration model.
Psychological Review, 95:163-182.
</P>
<P>
Malt, Barbara.
1984.
The role of discourse structure in understanding anaphora.
Journal of Memory and Language.
</P>
<P>
Mann, W.C. and S.A. Thompson.
1987.
Rhetorical structure theory: Description and construction of text
  structures.
In Gerard Kempen, editor, Natural Language Generation. Martinus
  Nijhoff, pages 83-96.
</P>
<P>
McKoon, Gail and Roger Ratcliff.
1992.
Inference during reading.
Psychological Review, 99(3):440-466.
</P>
<P>
Miller, G. A.
1956.
The magical number seven, plus or minus two: Some limits on our
  capacity for processing information.
Psychological Review, pages 81-97.
</P>
<P>
Passonneau, Rebecca J. and Diane Litman.
1994.
Empirical analysis of three dimension of spoken discourse:
  Segmentation, coherence and linguistic devices.
In Donia Scott and Eduard Hovy, editors, Burning Issues in
  Discourse.
</P>
<P>
Pollack, Martha, Julia Hirschberg, and Bonnie Webber.
1982.
User participation in the reasoning process of expert systems.
In AAAI82.
</P>
<P>
Prince, Ellen F.
1981.
Toward a taxonomy of given-new information.
In Radical Pragmatics. Academic Press, pages 223-255.
</P>
<P>
Ratcliff, Roger and Gail McKoon.
1988.
A retrieval theory of priming in memory.
Psychological Review, 95(3):385-408.
</P>
<P>
Reichman, Rachel.
1985.
Getting Computers to Talk Like You and Me.
MIT Press, Cambridge, MA.
</P>
<P>
Sachs, Jacqueline D.
1967.
Recognition memory for syntactic and semantic aspects of
  connected discourse.
Ph.D. thesis, University of California Berkeley.
</P>
<P>
Sidner, Candace L.
1979.
Toward a computational theory of definite anaphora comprehension in
  English.
Technical Report AI-TR-537, MIT.
</P>
<P>
Walker, Marilyn A.
1992.
Redundancy in collaborative dialogue.
In Fourteenth International Conference on Computational
  Linguistics, pages 345-351.
</P>
<P>
Walker, Marilyn A.
1993.
Informational Redundancy and Resource Bounds in Dialogue.
Ph.D. thesis, University of Pennsylvania.
</P>
<DIV ID="6.1.1" DEPTH="3" R-NO="1"><HEADER>Footnotes</HEADER>
<P>
  Mitsubishi Electric Research Laboratories, 201 Broadway,
Cambridge, Ma. 02139, USA, walker@merl.com
  A subclass of
Attention IRUs, Open-Segment IRUs, is discussed here.
  The
antecedents are in utterances 4, 5 and 6: H asserted the content of
22b to E in 6.  E indicated understanding and implicated acceptance of
 this assertion in 7 <REF/>, and E confirmed the truth of the content of 22c for H in 5.
  Obviously, linear
recency is simply an approximation to what is in the cache.  If
something has been recently discussed, it was recently in the cache,
and thus is is more likely to still be in the cache than other items.
However, linear recency ignores the effects of retention and
retrieval.
  This could predict the observed occurrence of
 disfluencies at segment boundaries <REF/>. 
</P>
</DIV>
</DIV>
</DIV>
</BODY>
</MINIMAL-DOC>
