<?xml version='1.0'?>
<!DOCTYPE MINIMAL-DOC SYSTEM "mini.dtd">
<MINIMAL-DOC>
<TITLE>APPORTIONING DEVELOPMENT EFFORT
IN A PROBABILISTIC LR PARSING SYSTEM
THROUGH EVALUATION
</TITLE>
<ABSTRACT>
<P>
We describe an implemented system for robust domain-independent syntactic
parsing of English, using a unification-based grammar of part-of-speech and
punctuation labels coupled with a probabilistic LR parser. We present
evaluations of the system's performance along several different dimensions;
these enable us to assess the contribution that each individual part
is making to the success of the system as a whole, and thus prioritise the effort
to be devoted to its further enhancement. Currently, the system is able to parse
around 80% of sentences in a substantial corpus of general text containing a
number of distinct genres. On a random sample of 250 such sentences the
system has a mean crossing bracket rate of 0.71 and recall and precision of 83%
and 84% respectively when evaluated against manually-disambiguated
 analyses. 
</P>
</ABSTRACT>
<BODY>
<DIV ID="1" DEPTH="1" R-NO="1"><HEADER>  INTRODUCTION </HEADER>
<P>
This work is part of an effort to develop a robust, domain-independent
syntactic parser capable of yielding the unique correct analysis for
unrestricted naturally-occurring input. Our goal is to develop a
system with performance comparable to extant part-of-speech taggers,
returning a syntactic analysis from which predicate-argument structure
can be recovered, and which can support semantic interpretation. The
requirement for a domain-independent analyser favours statistical
techniques to resolve ambiguities, whilst the latter goal favours a
more sophisticated grammatical formalism than is typical in
statistical approaches to robust analysis of corpus material.
</P>
<P>
Briscoe  Carroll (1993) describe a probablistic parser using a
wide-coverage unification-based grammar of English written in the
Alvey Natural Language Tools (ANLT) metagrammatical formalism (Briscoe
et al., 1987), generating around 800 rules in a syntactic variant of
the Definite Clause Grammar formalism (DCG, Pereira  Warren, 1980)
extended with iterative (Kleene) operators. The ANLT grammar is linked
to a lexicon containing about 64K entries for 40K lexemes, including
detailed subcategorisation information appropriate for the grammar,
built semi-automatically from a learners' dictionary (Carroll 
Grover, 1989).  The resulting parser is efficient,
constructing a parse forest in roughly quadratic time (empirically), and
efficiently returning the ranked n-most likely analyses (Carroll, 1993,
1994).  The probabilistic model is a refinement of probabilistic
context-free grammar (PCFG) conditioning CF `backbone' rule
application on LR state and lookahead item. Unification of the
`residue' of features not incorporated into the backbone is performed
at parse time in conjunction with reduce operations. Unification
failure results in the associated derivation being assigned a
probability of zero. Probabilities are assigned to transitions in the
LALR(1) action table via a process of supervised training based on
computing the frequency with which transitions are traversed in a
corpus of parse histories. The result is a probabilistic parser which,
unlike a PCFG, is capable of probabilistically discriminating
derivations which differ only in terms of order of application of the
same set of CF backbone rules, due to the parse context defined by the
LR table.
</P>
<P>
Experiments with this system revealed three major problems which our
current research is addressing.  Firstly, improvements in
probabilistic parse selection will require a `lexicalised'
grammar/parser in which (minimally) probabilities are associated with
alternative subcategorisation possibilities of individual lexical
items. Currently, the relative frequency of subcategorisation
possibilities for individual lexical items is not recorded in
wide-coverage lexicons, such as ANLT or COMLEX (Grishman et al., 1994).
Secondly, removal of punctuation from the input (after segmentation
into text sentences) worsens performance as punctuation both reduces
syntactic ambiguity (Jones, 1994) and signals non-syntactic
(discourse) relations between text units (Nunberg, 1990). Thirdly, the
largest source of error on unseen input is the omission of appropriate
subcategorisation values for lexical items (mostly verbs), preventing
the system from finding the correct analysis. The current coverage--the
proportion of sentences for which at least one analysis was
 found--of this system on a general corpus (e.g. Brown or LOB) is estimated to be around 20% by Briscoe (1994). Therefore, we have developed a
variant probabilistic LR parser which does not rely on subcategorisation and
uses punctuation to reduce ambiguity.  The analyses produced by this parser can
be utilised for phrase-finding applications, recovery of subcategorisation
frames, and other `intermediate' level parsing problems.
</P>
</DIV>
<DIV ID="2" DEPTH="1" R-NO="2"><HEADER>  PART-OF-SPEECH TAG SEQUENCE GRAMMAR </HEADER>
<P>
We utilised the ANLT metagrammatical formalism to develop a
feature-based, declarative description of part-of-speech (PoS) label
sequences (see e.g. Church, 1988) for English. This grammar compiles into a
DCG-like grammar of approximately 400 rules. It has been designed to enumerate
possible valencies for predicates (verbs, adjectives and nouns) by including
separate rules for each pattern of possible complementation in
English. The distinction between arguments and adjuncts is expressed,
following X-bar theory (e.g. Jackendoff, 1977), by Chomsky-adjunction
of adjuncts to maximal projections (XP 
<!-- MATH: $\rightarrow$ -->
<EQN/>
XP
Adjunct
</P>
</DIV>
<DIV ID="3" DEPTH="1" R-NO="3"><HEADER>  TEXT GRAMMAR AND PUNCTUATION </HEADER>
<P>
Nunberg (1990) develops a partial `text' grammar for English
which incorporates many constraints that (ultimately) restrict
syntactic and semantic interpretation. For example, textual adjunct
clauses introduced by colons scope over following punctuation, as
(3a) illustrates; whilst textual adjuncts introduced by
dashes cannot intervene between a bracketed adjunct and the textual
unit to which it attaches, as in (4b).
<EQN/>
</P>
<P>
We have developed a declarative grammar in the ANLT metagrammatical
formalism, based on Nunberg's procedural description.  This grammar
captures the bulk of the text-sentential constraints described by
Nunberg with a grammar which compiles into 26 DCG-like
rules. Text
grammar analyses are useful because they demarcate some of the
syntactic boundaries in the text sentence and thus reduce ambiguity,
and because they identify the units for which a syntactic analysis
should, in principle, be found; for example, in (5), the
absence of dashes would mislead a parser into seeking a syntactic
relationship between three and the following names, whilst in
fact there is only a discourse relation of elaboration between this
text adjunct and pronominal three.
<EQN/>
</P>
<P>
Further details of the text grammar are given in Briscoe  Carroll
(1994, 1995). The text grammar has been tested on the Susanne corpus and covers
99.8% of sentences. (The failures are mostly text segmentation
problems). The number of analyses varies from one (71%) to the
thousands (0.1%).  Just over 50% of Susanne sentences contain some
punctuation, so around 20% of the singleton parses are
punctuated. The major source of ambiguity in the analysis of
punctuation concerns the function of commas and their relative scope
as a result of a decision to distinguish delimiters and separators
(Nunberg 1990:36). Therefore, a text sentence containing eight commas
(and no other punctuation) will have 3170 analyses. The multiple uses
of commas cannot be resolved without access to (at least) the
syntactic context of occurrence.
</P>
</DIV>
<DIV ID="4" DEPTH="1" R-NO="4"><HEADER>  THE INTEGRATED GRAMMAR </HEADER>
<P>
Despite Nunberg's observation that text grammar is distinct from
syntax, text grammatical ambiguity favours interleaved application of
text grammatical and syntactic constraints. Integrating the text
and the PoS sequence grammars is straightforward and the result remains modular,
in that the text grammar is `folded into' the PoS sequence grammar, by
treating text and syntactic categories as overlapping and dealing with
the properties of each using disjoint sets of features, principles of
feature propagation, and so forth. In addition to the core
text-grammatical rules which carry over unchanged from the stand-alone text
grammar, 44 syntactic rules (of pre- and post- posing, and
coordination) now include (often optional) comma markers corresponding
to the purely `syntactic' uses of punctuation.
</P>
<P>
The approach to text grammar taken here is in many ways similar to
that of Jones (1994). However, he opts to treat punctuation marks as
clitics on words which introduce additional featural information into
standard syntactic rules. Thus, his grammar is thoroughly integrated
and it would be harder to extract an independent text grammar or build
a modular semantics. Our less-tightly integrated grammar is described in more
detail in Briscoe  Carroll (1994). 
</P>
</DIV>
<DIV ID="5" DEPTH="1" R-NO="5"><HEADER>  PARSING THE SUSANNE AND SEC CORPORA </HEADER>
<P>
We have used the integrated grammar to parse the Susanne corpus and the quite
distinct Spoken English Corpus (SEC; Taylor  Knowles, 1988), a 50K word
treebanked corpus of transcribed British radio programmes punctuated by the
corpus compilers. Both corpora were retagged using the Acquilex HMM tagger
(Elworthy, 1993, 1994) trained on text tagged with a slightly modified version
of CLAWS-II labels (Garside et al., 1987). In contrast to previous
systems taking as input fully-determinate sequences of PoS
labels, such as Fidditch (Hindle, 1989) and MITFP (de Marcken, 1990),
for each word
the tagger returns multiple label hypotheses, and each is thresholded before
being passed on to the parser: a given label is retained if it is the
highest-ranked, or, if the highest-ranked label is assigned a likelihood of less
than 0.9, if its likelihood is within a factor of 50 of this. We thus attempt to
minimise the effect of incorrect tagging on the parsing component by allowing
label ambiguities, but control the increase in indeterminacy and concomitant
decrease in subsequent processing efficiency by applying the thresholding
technique. On Susanne, retagging allowing only a single label per word results
in a 97.90% label/word assignment accuracy, whereas multi-label tagging with
this thresholding scheme results in 99.51% accuracy.
</P>
<P>
In an earlier paper (Briscoe  Carroll, 1995) we gave results for a
previous version of the grammar and parsing system. We have made a number of
significant improvements to the system since then, the most fundamental being
the use of multiple labels for each word. System accuracy evaluation results are
also improved since we now output trees that conform more closely to the
annotation conventions employed in the test treebank.
</P>
<DIV ID="5.1" DEPTH="2" R-NO="1"><HEADER>  COVERAGE AND AMBIGUITY </HEADER>
<P>
To examine the efficiency and coverage of the grammar we applied it to
our retagged versions of Susanne and SEC. We used the ANLT chart
parser (Carroll, 1993), but modified just to count the number of
possible parses in the parse forests (Billot  Lang, 1989) rather
than actually unpacking them. We also imposed a per-sentence time-out
of 30 seconds CPU time, running in Franz Allegro Common Lisp 4.2 on an
HP PA-RISC 715/100 workstation with 128 Mbytes of physical memory.
</P>
<IMAGE TYPE="TABLE"/>
<IMAGE TYPE="TABLE"/>
<P>
For both corpora, the majority of
sentences analysed successfully received under 100 parses, although there is a
long tail in the distribution.  Monitoring this distribution is helpful during
grammar development to ensure that coverage is increasing but the
ambiguity rate is not. A more succinct though less intuitive measure
of ambiguity rate for a given corpus is Briscoe  Carroll's (1995)
average parse base (APB), defined as the geometric mean over all sentences in
the corpus of 
<!-- MATH: $\sqrt[n]{p}$ -->
<EQN/>,
where n is the number of words in a sentence, and
p, the number of parses for that sentence. Thus, given a sentence n words
long, the APB raised to the nth power gives the number of analyses
that the grammar can be expected to assign to a sentence of
 that length in the corpus. Table <CREF/> gives these measures for all of the sentences in Susanne and in SEC.
</P>
<P>
As the grammar was developed solely with reference to Susanne,
coverage of SEC is quite robust. The two corpora differ considerably
since the former is drawn from American written text whilst the latter
represents British transcribed spoken material. The corpora overall contain
material drawn from widely disparate genres / registers, and are more
complex than those used in DARPA ATIS tests, and more diverse than those used
in MUCs and probably also the Penn Treebank. Black et al. (1993)
report a coverage of around 95% on computer manuals, as opposed to our
coverage rate of 70-80% on much more heterogeneous data and longer sentences.
The APBs for Susanne and SEC of 1.313
and 1.300 respectively indicate that sentences of average
length in each corpus could be expected to be assigned of the order of 238 and
376 analyses (i.e. 
<!-- MATH: $1.313^{20.1}$ -->
1.313[20.1] and 
<!-- MATH: $1.300^{22.6}$ -->
1.300[22.6]). 
</P>
<P>
The parser throughput on these tests, for sentences successfully
analysed, is around 25 words per CPU second on an HP PA-RISC
715/100. Sentences of up to 30 tokens (words plus sentence-internal
punctuation) are parsed in an average of under 1 second each, whilst those around
60 tokens take on average around 7 seconds. Nevertheless, the relationship
between sentence length and processing time is fitted well by a
quadratic function, supporting the findings of Carroll (1994) that in
practice NL grammars do not evince worst-case parsing complexity.
</P>
</DIV>
<DIV ID="5.2" DEPTH="2" R-NO="2"><HEADER>  Grammar Development  Refinement </HEADER>
<P>
The results we report above relate to the latest version of the tag
sequence grammar. To date, we have spent about one person-year
on grammar development, with the effort spread fairly evenly over a
two-and-a-half-year period. The various phases in the development and
refinement of the grammar can be observed in an analysis of the coverage and APB
 for Susanne and SEC over this period--see table <CREF/>. The phases, with dates, were:
6/92-11/93
Initial development of the grammar.
11/93-7/94
Substantial increase in coverage on the development corpus
(Susanne), corresponding to a drive to increase the general coverage of the
grammar by analysing parse failures on actual corpus material. From a lower
initial figure, coverage of SEC (unseen corpus), increased by a larger
factor. 
7/94-12/94
Incremental improvements in coverage, but at the cost of
increasing the ambiguity of the grammar.
12/94-10/95
Improving the accuracy of the system by trying to ensure
that the correct analysis was in the set returned.
</P>
<IMAGE TYPE="TABLE"/>
<IMAGE TYPE="TABLE"/>
<P>
Since the coverage on SEC is increasing at the same time as on Susanne,
we can conclude that the grammar has not been specifically tuned to
the particular sublanguages or genres represented in the development corpus.
Also, although the almost-50% initial coverage on the heterogeneous text of
Susanne compares well with the state-of-the-art in grammar-based
approaches to NL analysis (e.g. see Taylor et al., 1989; Alshawi et al., 1992),
it is clear that the
subsequent grammar refinement phases have led to major improvements in
coverage and reductions in spurious ambiguity.
</P>
<P>
We have experimented with increasing the richness of the lexical feature
set by incorporating subcategorisation information for verbs into the
grammar and lexicon. We constructed randomly from Susanne a test corpus of
250 in-coverage sentences, and in this, for each word tagged as possibly
being an open-class verb (i.e. not a modal or auxiliary) we extracted from the
ANLT lexicon (Carroll  Grover, 1989) all verbal entries for that word. We
then mapped these entries into our PoS grammar experimental
subcategorisation scheme, in which we distinguished each possible pattern
of complementation allowed by the grammar (but not control
relationships, specification of prepositional heads of PP complements etc. as in the full ANLT representation scheme). We then attempted to parse the
test sentences, using the derived verbal entries instead of the
original generic entries which generalised over all the subcategorisation
possibilities. 31 sentences now failed to receive a parse, a decrease in
coverage of 12%. This is due to the fact that the ANLT lexicon, although
large and comprehensive by current standards (Briscoe  Carroll, 1996),
nevertheless contains many errors of omission.
</P>
</DIV>
<DIV ID="5.3" DEPTH="2" R-NO="3"><HEADER>  PARSE SELECTION </HEADER>
<P>
A probabilistic LR parser was trained with the integrated grammar by
exploiting the Susanne treebank bracketing. An LR parser (Briscoe 
Carroll, 1993) was applied to unlabelled bracketed sentences from the
Susanne treebank, and a new treebank of 1758 correct and complete analyses
with respect to the integrated grammar was constructed semi-automatically by
manually resolving the remaining ambiguities. 250 sentences from the new
 treebank, selected randomly, were kept back for testing. The remainder, together with a further set of analyses from 2285 treebank sentences
that were not checked manually, were used to train a probabilistic version of
the LR parser, using  Good-Turing smoothing to estimate the probability of unseen
transitions in the LALR(1) table (Briscoe  Carroll, 1993; Carroll, 1993).  The
probabilistic parser can then return a ranking of all possible analyses for a
sentence, or efficiently return just the n-most probable (Carroll,
1993).
</P>
<P>
The probabilistic parser was tested on the 250 sentences held out from the
manually-disambiguated treebank (of lengths 3-56 tokens, mean 18.2). The
parser was set up to return only the highest-ranked analysis for each sentence.
 Table <CREF/> 
</P>
<IMAGE TYPE="TABLE"/>
<IMAGE TYPE="TABLE"/>
<P>
shows the results of this test--with respect to the
original Susanne bracketings--using the Grammar Evaluation Interest Group
 scheme (GEIG, see e.g. Harrison et al., 1991). This compares unlabelled bracketings derived from corpus treebanks with those derived from parses for the
same sentences by computing recall, the ratio of matched brackets over all
brackets in the treebank; precision, the ratio of matched brackets over
all brackets found by the parser; mean crossings, the number of times a
bracketed sequence output by the parser overlaps with one from the treebank but
neither is properly contained in the other, averaged over all sentences; and
zero crossings, the percentage of sentences for which the analysis
returned has zero crossings.
</P>
<P>
The table also gives an indication of the best and worst possible
performance of the disambiguation component of the system, showing the
results obtained when parse selection is replaced by a simple random
choice, and the results of evaluating the analyses in the manually-disambiguated
treebank against the corresponding original Susanne bracketings. In this latter
figure, the mean number of crossings (0.41) is greater than zero mainly because
of incompatibilities between the structural representations chosen by the
grammarian and the corresponding ones in the treebank. Precision is less than
100% due to crossings, minor mismatches and inconsistencies (due to the manual
nature of the markup process) in tree annotations, and the fact that
Susanne often favours a ``flat'' treatment of VP constituents, whereas our
grammar always makes an explicit choice between argument- and adjunct-hood.
Thus, perhaps a more informative test of the accuracy of our probabilistic
system would be evaluation against the manually-disambiguated corpus of analyses
assigned by the grammar. In this, the mean crossing figure drops to 0.71 and the
 recall and precision rise to 83-84%, as shown in table <CREF/>.   
</P>
<IMAGE TYPE="TABLE"/>
<IMAGE TYPE="TABLE"/>
<P>
Black et al. (1993:7) use the crossing brackets measure to define a notion
of structural consistency, where the structural consistency rate for
the grammar is defined as the proportion of sentences for which at
least one analysis--from the many typically returned by the grammar--contains
no crossing brackets, and report a rate of around 95% for the IBM grammar
tested on the computer manual corpus. However, a problem with the GEIG
scheme and with structural consistency is that both are still weak measures
(designed to avoid problems of parser/treebank representational compatibility)
which lead to unintuitive numbers whose significance still depends heavily on
details of the relationship between the representations compared
(e.g. between structure assigned by a grammar and that in a treebank).
One particular problem with the crossing bracket measure is that a single
attachment mistake embedded n levels deep (and
perhaps completely innocuous, such as an ``aside'' delimited by dashes) can lead
to n crossings being assigned, whereas incorrect identification of arguments
and adjuncts can go unpunished in some cases. 
</P>
<P>
Schabes et al. (1993) and Magerman (1995) report results using the
GEIG evaluation scheme which are numerically similar in terms of parse
selection to those reported here, but achieve 100% coverage. However, their
experiments are not strictly comparable because they both utilise more
homogeneous and probably simpler corpora. (The appendix gives an indication of
the diversity of the sentences in our corpus). In addition, Schabes
et al. do not recover tree labelling, whilst Magerman has developed a parser
designed to produce identical analyses to those used in the Penn Treebank,
removing the problem of spurious errors due to grammatical
incompatibility.  Both these approaches achieve better coverage by
constructing the grammar fully automatically, but as an inevitable
side-effect the range of text phenomena that can be parsed becomes limited
to those present in the training material, and being able to deal with new
ones would entail further substantial treebanking efforts.
</P>
<P>
To date, no robust parser has been shown to be practical and useful for
some NLP task. However, it seems likely that, say, rule-to-rule semantic
interpretation will be easier with hand-constructed grammars with an
explicit, determinate rule-set.  A more meaningful parser comparison would
require application of different parsers to an identical and extended
test suite and utilisation of a more stringent standard evaluation
procedure sensitive to node labellings.
</P>
</DIV>
<DIV ID="5.4" DEPTH="2" R-NO="4"><HEADER>  Training Data Size and Accuracy </HEADER>
<P>
Statistical HMM-based part-of-speech taggers require of the order of 100K words
and upwards of training data (Weischedel et al., 1993:363); taggers
inducing non-probabilistic rules (e.g. Brill, 1994) require similar
amounts (Gaizauskas, pc). Our probabilistic disambiguation system
currently makes no use of lexical frequency information, training only
on structural configurations. Nevertheless, the number of parameters in the
probabilistic model is large: it is the total number of possible
transitions in an LALR(1) table containing over 150000 actions. It is
therefore interesting to investigate whether the system requires more
or less training data than a tagger.
</P>
<P>
We therefore ran the same experiment as above, using GEIG to measure the
accuracy of the system on the 250 held-back sentences, but varying the
amount of training data with which the system was provided. We started at
the full amount (3793 trees), and then successively halved it by selecting
the appropriate number of trees at random. The results obtained are
 given in figure <CREF/>. 
</P>
<IMAGE TYPE="TABLE"/>
<IMAGE TYPE="TABLE"/>
<P>
The results show convincingly that the system is extremely robust when
confronted with limited amounts of training data: when using a mere one
sixty-fourth of the full amount (59 trees), accuracy was degraded by only
10-20%. However, there is a large decrease in accuracy with no training data
(i.e. random choice). Conversely, accuracy is still improving at 3800 trees,
with no sign of over-training, although it appears to be approaching an upper
asymptote. To determine what this might be, we ran the system on a set of
250 sentences randomly extracted from the training corpus. On this set,
the system achieves a zero crossings rate of 60.0%, mean crossings 0.88, and
recall and precision of 77.0% and 75.2% respectively, with respect to the
original Susanne bracketings. Although this is a different set of sentences, it
is likely that the upper asymptote for accuracy for the test corpus lies in this
region. Given that accuracy is increasing only slowly and is relatively
close to the asymptote it is therefore unlikely that it would be worth
investing effort in increasing the size of the training corpus at this stage in
the development of the system.
</P>
</DIV>
</DIV>
<DIV ID="6" DEPTH="1" R-NO="6"><HEADER>  CONCLUSIONS </HEADER>
<P>
In this paper we have outlined an approach to robust domain-independent
parsing, in which subcategorisation
constraints play no part, resulting in coverage that greatly improves upon more
conventional grammar-based approaches to NL text analysis. We described an
implemented system, and evaluated its performance along several different
dimensions. We assessed its coverage and that of previous versions on a
development corpus and an unseen corpus, and demonstrated that the grammar
refinement we have carried out has led to substantial improvements in coverage
and reductions in spurious ambiguity. We also evaluated the accuracy of
parse selection with respect to treebank analyses, and, by varying the amount of
training material, we showed that it requires comparatively little data to
achieve a good level of accuracy.
</P>
<P>
We have made good progress in increasing grammar coverage, though we
have now reached a point of diminishing returns. Further significant
improvements in this area would require corpus-specific additions and
tuning whose benefit would not necessarily carry over to other
corpora. In the application we are currently using the system
for--automatic extraction of subcategorisation frames, and more
generally argument structure, from large amounts of text (Briscoe 
Carroll, 1996)--we do not need full coverage; 70-80% appears to be
sufficient. However, further improvements in coverage will require
some automated approach to rule induction driven by parse failure.
Since our evaluations indicate that our system achieves a good level
of accuracy with little treebank data, and that 67-75% coverage was
achieved for English quite early in the grammar refinement effort,
porting the current system to other languages should be possible with
small-to-medium-sized treebanks (around 20K words) and feasible manual
effort (of the order of 12 person-months for grammar-writing and treebanking).
This may yield a system accurate enough for some types of application, given
that the system is not restricted to returning the single highest ranked
analysis but can return the n-highest ranked for further
application-specific selection.
</P>
<P>
Although we report promising results, parse selection that is
sufficiently accurate for many practical applications will require a
more lexicalised system.  Magerman's (1995) parser is an extension of
the history-based parsing approach developed at IBM (Black et al.,
1993) in which rules are conditioned on lexical and other (essentially
arbitrary) information available in the parse history. In future work,
we intend to explore a more restricted and semantically-driven version
of this approach in which, firstly, probabilities are associated with
different subcategorisation possibilities, and secondly, alternative
predicate-argument structures derived from the grammar are ranked
probabilistically. However, the massively increased coverage obtained
here by relaxing subcategorisation constraints underlines the need to
acquire accurate and complete subcategorisation frames in a
corpus-driven fashion, before such constraints can be exploited
robustly and effectively with free text.
</P>
<DIV ID="6.1" DEPTH="2" R-NO="1"><HEADER>Footnotes</HEADER>
<P>
  Some of this work was carried out while the second author was
visiting Rank Xerox, Grenoble. The work was also supported by UK DTI/SALT
project 41/5808 `Integrated Language Database', and by SERC/EPSRC Advanced
Fellowships to both authors. Geoff Nunberg provided encouragement and much
advice on the analysis of punctuation, and Greg Grefenstette undertook the
original corpus tokenisation and segmentation for the punctuation experiments.
Bernie Jones and Kiku Ribas made helpful comments on an earlier draft. We are
responsible for any mistakes.
  Briscoe  Carroll (1995) note that ``coverage'' is a weak measure
since discovery of one or more global analyses does not entail that the correct
analysis is recovered.
  The
appendix contains a random sample of sentences from the test corpus.
  We would like to thank
Phil Harrison for supplying the evaluation software.
</P>
</DIV>
</DIV>
</BODY>
</MINIMAL-DOC>
